Timestamp,Caller_Function,Callee_Function,Caller_UUID,Callee_UUID,File,Component
2026-02-05T06:53:40.505Z,,App,,9354b080-fdac-4efa-8e11-fc8e899b9d20,App.jsx,App
2026-02-05T06:53:40.509Z,,App,,9354b080-fdac-4efa-8e11-fc8e899b9d20,App.jsx,App
2026-02-05T06:53:40.514Z,,Login,,6b8638c7-0054-49c5-baea-78d8131b79e8,Login.jsx,Login
2026-02-05T06:53:40.516Z,,Login,,6b8638c7-0054-49c5-baea-78d8131b79e8,Login.jsx,Login
2026-02-05T06:53:43.737Z,,Login,,6b8638c7-0054-49c5-baea-78d8131b79e8,Login.jsx,Login
2026-02-05T06:53:43.739Z,,Login,,6b8638c7-0054-49c5-baea-78d8131b79e8,Login.jsx,Login
2026-02-05T06:53:43.749Z,,Login,,6b8638c7-0054-49c5-baea-78d8131b79e8,Login.jsx,Login
2026-02-05T06:53:43.750Z,,Login,,6b8638c7-0054-49c5-baea-78d8131b79e8,Login.jsx,Login
2026-02-05T06:53:43.761Z,,Login,,6b8638c7-0054-49c5-baea-78d8131b79e8,Login.jsx,Login
2026-02-05T06:53:43.762Z,,Login,,6b8638c7-0054-49c5-baea-78d8131b79e8,Login.jsx,Login
2026-02-05T06:53:43.774Z,,Login,,6b8638c7-0054-49c5-baea-78d8131b79e8,Login.jsx,Login
2026-02-05T06:53:43.774Z,,Login,,6b8638c7-0054-49c5-baea-78d8131b79e8,Login.jsx,Login
2026-02-05T06:53:43.779Z,,Login,,6b8638c7-0054-49c5-baea-78d8131b79e8,Login.jsx,Login
2026-02-05T06:53:43.780Z,,Login,,6b8638c7-0054-49c5-baea-78d8131b79e8,Login.jsx,Login
2026-02-05T06:53:43.787Z,,Login,,6b8638c7-0054-49c5-baea-78d8131b79e8,Login.jsx,Login
2026-02-05T06:53:43.788Z,,Login,,6b8638c7-0054-49c5-baea-78d8131b79e8,Login.jsx,Login
2026-02-05T06:53:43.794Z,,Login,,6b8638c7-0054-49c5-baea-78d8131b79e8,Login.jsx,Login
2026-02-05T06:53:43.794Z,,Login,,6b8638c7-0054-49c5-baea-78d8131b79e8,Login.jsx,Login
2026-02-05T06:53:43.798Z,,Login,,6b8638c7-0054-49c5-baea-78d8131b79e8,Login.jsx,Login
2026-02-05T06:53:43.799Z,,Login,,6b8638c7-0054-49c5-baea-78d8131b79e8,Login.jsx,Login
2026-02-05T06:53:43.804Z,,Login,,6b8638c7-0054-49c5-baea-78d8131b79e8,Login.jsx,Login
2026-02-05T06:53:43.805Z,,Login,,6b8638c7-0054-49c5-baea-78d8131b79e8,Login.jsx,Login
2026-02-05T06:53:43.810Z,,Login,,6b8638c7-0054-49c5-baea-78d8131b79e8,Login.jsx,Login
2026-02-05T06:53:43.811Z,,Login,,6b8638c7-0054-49c5-baea-78d8131b79e8,Login.jsx,Login
2026-02-05T06:53:43.818Z,,Login,,6b8638c7-0054-49c5-baea-78d8131b79e8,Login.jsx,Login
2026-02-05T06:53:43.819Z,,Login,,6b8638c7-0054-49c5-baea-78d8131b79e8,Login.jsx,Login
2026-02-05T06:53:43.974Z,,Login,,6b8638c7-0054-49c5-baea-78d8131b79e8,Login.jsx,Login
2026-02-05T06:53:43.975Z,,Login,,6b8638c7-0054-49c5-baea-78d8131b79e8,Login.jsx,Login
2026-02-05T06:53:43.977Z,,Login,,6b8638c7-0054-49c5-baea-78d8131b79e8,Login.jsx,Login
2026-02-05T06:53:43.978Z,,Login,,6b8638c7-0054-49c5-baea-78d8131b79e8,Login.jsx,Login
2026-02-05T06:53:43.980Z,,Login,,6b8638c7-0054-49c5-baea-78d8131b79e8,Login.jsx,Login
2026-02-05T06:53:43.981Z,,Login,,6b8638c7-0054-49c5-baea-78d8131b79e8,Login.jsx,Login
2026-02-05T06:53:43.984Z,,Login,,6b8638c7-0054-49c5-baea-78d8131b79e8,Login.jsx,Login
2026-02-05T06:53:43.985Z,,Login,,6b8638c7-0054-49c5-baea-78d8131b79e8,Login.jsx,Login
2026-02-05T06:53:43.987Z,,Login,,6b8638c7-0054-49c5-baea-78d8131b79e8,Login.jsx,Login
2026-02-05T06:53:43.987Z,,Login,,6b8638c7-0054-49c5-baea-78d8131b79e8,Login.jsx,Login
2026-02-05T06:53:43.990Z,,Login,,6b8638c7-0054-49c5-baea-78d8131b79e8,Login.jsx,Login
2026-02-05T06:53:43.991Z,,Login,,6b8638c7-0054-49c5-baea-78d8131b79e8,Login.jsx,Login
2026-02-05T06:53:43.993Z,,Login,,6b8638c7-0054-49c5-baea-78d8131b79e8,Login.jsx,Login
2026-02-05T06:53:43.994Z,,Login,,6b8638c7-0054-49c5-baea-78d8131b79e8,Login.jsx,Login
2026-02-05T06:53:43.996Z,,Login,,6b8638c7-0054-49c5-baea-78d8131b79e8,Login.jsx,Login
2026-02-05T06:53:43.997Z,,Login,,6b8638c7-0054-49c5-baea-78d8131b79e8,Login.jsx,Login
2026-02-05T06:53:44.140Z,Login,handleLogin,6b8638c7-0054-49c5-baea-78d8131b79e8,639313a8-4fe0-47e3-96ec-8d8051790caa,Login.jsx,Login
2026-02-05T06:53:44.143Z,,Login,,6b8638c7-0054-49c5-baea-78d8131b79e8,Login.jsx,Login
2026-02-05T06:53:44.144Z,,Login,,6b8638c7-0054-49c5-baea-78d8131b79e8,Login.jsx,Login
2026-02-05T06:53:44.837Z,,App,,9354b080-fdac-4efa-8e11-fc8e899b9d20,App.jsx,App
2026-02-05T06:53:44.837Z,,App,,9354b080-fdac-4efa-8e11-fc8e899b9d20,App.jsx,App
2026-02-05T06:53:44.837Z,,Home,,9e0d6d29-b0d1-4437-b4fc-d8ce1a81b458,Home.jsx,Home
2026-02-05T06:53:44.838Z,,Home,,9e0d6d29-b0d1-4437-b4fc-d8ce1a81b458,Home.jsx,Home
2026-02-05T06:53:44.889Z,,Home,,9e0d6d29-b0d1-4437-b4fc-d8ce1a81b458,Home.jsx,Home
2026-02-05T06:53:44.890Z,,Home,,9e0d6d29-b0d1-4437-b4fc-d8ce1a81b458,Home.jsx,Home
2026-02-05T06:53:44.891Z,,Notes,,cbcda296-a753-46da-b657-a126b4beb33c,Notes.jsx,Notes
2026-02-05T06:53:44.892Z,,Notes,,cbcda296-a753-46da-b657-a126b4beb33c,Notes.jsx,Notes
2026-02-05T06:53:44.959Z,,Home,,9e0d6d29-b0d1-4437-b4fc-d8ce1a81b458,Home.jsx,Home
2026-02-05T06:53:44.960Z,,Home,,9e0d6d29-b0d1-4437-b4fc-d8ce1a81b458,Home.jsx,Home
2026-02-05T06:53:44.960Z,,Notes,,cbcda296-a753-46da-b657-a126b4beb33c,Notes.jsx,Notes
2026-02-05T06:53:44.961Z,,Notes,,cbcda296-a753-46da-b657-a126b4beb33c,Notes.jsx,Notes
2026-02-05T06:53:44.982Z,,Notes,,cbcda296-a753-46da-b657-a126b4beb33c,Notes.jsx,Notes
2026-02-05T06:53:44.983Z,,Notes,,cbcda296-a753-46da-b657-a126b4beb33c,Notes.jsx,Notes
2026-02-05T06:53:45.025Z,,Notes,,cbcda296-a753-46da-b657-a126b4beb33c,Notes.jsx,Notes
2026-02-05T06:53:45.026Z,,Notes,,cbcda296-a753-46da-b657-a126b4beb33c,Notes.jsx,Notes
2026-02-05T06:53:47.428Z,,Notes,,cbcda296-a753-46da-b657-a126b4beb33c,Notes.jsx,Notes
2026-02-05T06:53:47.429Z,,Notes,,cbcda296-a753-46da-b657-a126b4beb33c,Notes.jsx,Notes
2026-02-05T06:53:47.433Z,,Notes,,cbcda296-a753-46da-b657-a126b4beb33c,Notes.jsx,Notes
2026-02-05T06:53:47.434Z,,Notes,,cbcda296-a753-46da-b657-a126b4beb33c,Notes.jsx,Notes
2026-02-05T06:53:47.437Z,,Notes,,cbcda296-a753-46da-b657-a126b4beb33c,Notes.jsx,Notes
2026-02-05T06:53:47.438Z,,Notes,,cbcda296-a753-46da-b657-a126b4beb33c,Notes.jsx,Notes
2026-02-05T06:53:47.441Z,,Notes,,cbcda296-a753-46da-b657-a126b4beb33c,Notes.jsx,Notes
2026-02-05T06:53:47.442Z,,Notes,,cbcda296-a753-46da-b657-a126b4beb33c,Notes.jsx,Notes
2026-02-05T06:53:47.446Z,,Notes,,cbcda296-a753-46da-b657-a126b4beb33c,Notes.jsx,Notes
2026-02-05T06:53:47.447Z,,Notes,,cbcda296-a753-46da-b657-a126b4beb33c,Notes.jsx,Notes
2026-02-05T06:53:47.453Z,,Notes,,cbcda296-a753-46da-b657-a126b4beb33c,Notes.jsx,Notes
2026-02-05T06:53:47.454Z,,Notes,,cbcda296-a753-46da-b657-a126b4beb33c,Notes.jsx,Notes
2026-02-05T06:53:47.458Z,,Notes,,cbcda296-a753-46da-b657-a126b4beb33c,Notes.jsx,Notes
2026-02-05T06:53:47.459Z,,Notes,,cbcda296-a753-46da-b657-a126b4beb33c,Notes.jsx,Notes
2026-02-05T06:53:47.466Z,,Notes,,cbcda296-a753-46da-b657-a126b4beb33c,Notes.jsx,Notes
2026-02-05T06:53:47.467Z,,Notes,,cbcda296-a753-46da-b657-a126b4beb33c,Notes.jsx,Notes
2026-02-05T06:53:47.470Z,,Notes,,cbcda296-a753-46da-b657-a126b4beb33c,Notes.jsx,Notes
2026-02-05T06:53:47.471Z,,Notes,,cbcda296-a753-46da-b657-a126b4beb33c,Notes.jsx,Notes
2026-02-05T06:53:47.480Z,,Notes,,cbcda296-a753-46da-b657-a126b4beb33c,Notes.jsx,Notes
2026-02-05T06:53:47.482Z,,Notes,,cbcda296-a753-46da-b657-a126b4beb33c,Notes.jsx,Notes
2026-02-05T06:53:47.486Z,,Notes,,cbcda296-a753-46da-b657-a126b4beb33c,Notes.jsx,Notes
2026-02-05T06:53:47.487Z,,Notes,,cbcda296-a753-46da-b657-a126b4beb33c,Notes.jsx,Notes
2026-02-05T06:53:47.490Z,,Notes,,cbcda296-a753-46da-b657-a126b4beb33c,Notes.jsx,Notes
2026-02-05T06:53:47.492Z,,Notes,,cbcda296-a753-46da-b657-a126b4beb33c,Notes.jsx,Notes
2026-02-05T06:53:47.494Z,,Notes,,cbcda296-a753-46da-b657-a126b4beb33c,Notes.jsx,Notes
2026-02-05T06:53:47.495Z,,Notes,,cbcda296-a753-46da-b657-a126b4beb33c,Notes.jsx,Notes
2026-02-05T06:53:47.608Z,,Notes,,cbcda296-a753-46da-b657-a126b4beb33c,Notes.jsx,Notes
2026-02-05T06:53:47.609Z,,Notes,,cbcda296-a753-46da-b657-a126b4beb33c,Notes.jsx,Notes
2026-02-05T06:53:47.627Z,,Notes,,cbcda296-a753-46da-b657-a126b4beb33c,Notes.jsx,Notes
2026-02-05T06:53:47.628Z,,Notes,,cbcda296-a753-46da-b657-a126b4beb33c,Notes.jsx,Notes
2026-02-05T06:53:47.638Z,,Notes,,cbcda296-a753-46da-b657-a126b4beb33c,Notes.jsx,Notes
2026-02-05T06:53:47.639Z,,Notes,,cbcda296-a753-46da-b657-a126b4beb33c,Notes.jsx,Notes
2026-02-05T06:53:47.658Z,,Notes,,cbcda296-a753-46da-b657-a126b4beb33c,Notes.jsx,Notes
2026-02-05T06:53:47.659Z,,Notes,,cbcda296-a753-46da-b657-a126b4beb33c,Notes.jsx,Notes
2026-02-05T06:53:47.666Z,,Notes,,cbcda296-a753-46da-b657-a126b4beb33c,Notes.jsx,Notes
2026-02-05T06:53:47.667Z,,Notes,,cbcda296-a753-46da-b657-a126b4beb33c,Notes.jsx,Notes
2026-02-05T06:53:47.676Z,,Notes,,cbcda296-a753-46da-b657-a126b4beb33c,Notes.jsx,Notes
2026-02-05T06:53:47.677Z,,Notes,,cbcda296-a753-46da-b657-a126b4beb33c,Notes.jsx,Notes
2026-02-05T06:53:47.686Z,,Notes,,cbcda296-a753-46da-b657-a126b4beb33c,Notes.jsx,Notes
2026-02-05T06:53:47.687Z,,Notes,,cbcda296-a753-46da-b657-a126b4beb33c,Notes.jsx,Notes
2026-02-05T06:53:47.694Z,,Notes,,cbcda296-a753-46da-b657-a126b4beb33c,Notes.jsx,Notes
2026-02-05T06:53:47.695Z,,Notes,,cbcda296-a753-46da-b657-a126b4beb33c,Notes.jsx,Notes
2026-02-05T06:53:47.706Z,,Notes,,cbcda296-a753-46da-b657-a126b4beb33c,Notes.jsx,Notes
2026-02-05T06:53:47.708Z,,Notes,,cbcda296-a753-46da-b657-a126b4beb33c,Notes.jsx,Notes
2026-02-05T06:53:47.717Z,,Notes,,cbcda296-a753-46da-b657-a126b4beb33c,Notes.jsx,Notes
2026-02-05T06:53:47.718Z,,Notes,,cbcda296-a753-46da-b657-a126b4beb33c,Notes.jsx,Notes
2026-02-05T06:53:47.723Z,,Notes,,cbcda296-a753-46da-b657-a126b4beb33c,Notes.jsx,Notes
2026-02-05T06:53:47.724Z,,Notes,,cbcda296-a753-46da-b657-a126b4beb33c,Notes.jsx,Notes
2026-02-05T06:53:47.727Z,,Notes,,cbcda296-a753-46da-b657-a126b4beb33c,Notes.jsx,Notes
2026-02-05T06:53:47.728Z,,Notes,,cbcda296-a753-46da-b657-a126b4beb33c,Notes.jsx,Notes
2026-02-05T06:53:47.732Z,,Notes,,cbcda296-a753-46da-b657-a126b4beb33c,Notes.jsx,Notes
2026-02-05T06:53:47.733Z,,Notes,,cbcda296-a753-46da-b657-a126b4beb33c,Notes.jsx,Notes
2026-02-05T06:53:47.738Z,,Notes,,cbcda296-a753-46da-b657-a126b4beb33c,Notes.jsx,Notes
2026-02-05T06:53:47.739Z,,Notes,,cbcda296-a753-46da-b657-a126b4beb33c,Notes.jsx,Notes
2026-02-05T06:53:47.747Z,,Notes,,cbcda296-a753-46da-b657-a126b4beb33c,Notes.jsx,Notes
2026-02-05T06:53:47.748Z,,Notes,,cbcda296-a753-46da-b657-a126b4beb33c,Notes.jsx,Notes
2026-02-05T06:53:47.754Z,,Notes,,cbcda296-a753-46da-b657-a126b4beb33c,Notes.jsx,Notes
2026-02-05T06:53:47.754Z,,Notes,,cbcda296-a753-46da-b657-a126b4beb33c,Notes.jsx,Notes
2026-02-05T06:53:47.760Z,,Notes,,cbcda296-a753-46da-b657-a126b4beb33c,Notes.jsx,Notes
2026-02-05T06:53:47.761Z,,Notes,,cbcda296-a753-46da-b657-a126b4beb33c,Notes.jsx,Notes
2026-02-05T06:53:47.992Z,,Notes,,cbcda296-a753-46da-b657-a126b4beb33c,Notes.jsx,Notes
2026-02-05T06:53:47.993Z,,Notes,,cbcda296-a753-46da-b657-a126b4beb33c,Notes.jsx,Notes
2026-02-05T06:53:48.027Z,,Notes,,cbcda296-a753-46da-b657-a126b4beb33c,Notes.jsx,Notes
2026-02-05T06:53:48.028Z,,Notes,,cbcda296-a753-46da-b657-a126b4beb33c,Notes.jsx,Notes
2026-02-05T06:53:51.347Z,,Notes,,cbcda296-a753-46da-b657-a126b4beb33c,Notes.jsx,Notes
2026-02-05T06:53:51.348Z,,Notes,,cbcda296-a753-46da-b657-a126b4beb33c,Notes.jsx,Notes